No,Title, Price 
1,کتاب رنگ عشق," 6,650 "
2,کتاب گور به گور," 5,250 "
3,کتاب یک عاشقانه ی آرام," 192,000 "
4,کتاب رنگ آمیزی خواب آرام," 38,400 "
5,کتاب مکث منگ," 17,250 "
6,کتاب تخم مرغ چهارگوش," 43,200 "
7,کتاب روزها در کتاب فروشی موریساکی," 119,200 "
8,کتاب چشمانی به رنگ زیتون," 5,600 "
9,مجموعه کتاب های قرآن و ادعیه قاب دار متوسط," 540,000 "
10,کتاب ابراهیم خان," 16,000 "
11,کتاب حکایت صوفی," 135,000 "
12,کتاب شکارچیان ارواح," 96,000 "
13,کتاب حقایق ناگفته," 106,500 "
14,کتاب سایه های اردیبهشت," 10,500 "
15,کتاب یاد او," 206,250 "
16,کتاب روان درمانی و اگزیستانسیالیسم," 70,300 "
17,کتاب کاناپه قرمز," 34,500 "
18,کتاب گزیده لطایف الطوایف," 63,000 "
19,کتاب گزینه اشعار حسین منزوی," 48,000 "
20,کتاب مگس ها," 63,750 "
21,کتاب طاعون," 180,000 "
22,کتاب فرهنگ واژگان و اصطلاحات طنز," 125,000 "
23,کتاب هزار خورشید تابان," 240,000 "
24,کتاب داسوی دانیا," 15,400 "
25,کتاب نقش هایی به یاد," 200,000 "
26,کتاب در غم فقدان پدرم," 11,100 "
27,کتاب نقاشی و زندگی سالوادر دالی مجموعه هنرمندان در جیب جلد 4," 66,600 "
28,کتاب بار هستی," 192,000 "
29,کتاب روش های تدریس پیشرفته," 156,000 "
30,کتاب روح سرگردان خیابان بهبودی," 20,646 "
31,کتاب معنا در تاریخ," 204,000 "
32,کتاب کنیز ملکه مصر," 431,250 "
33,کتاب لکنت," 6,800 "
34,کتاب پارسنز و نظریه کنش," 43,200 "
35,مجموعه کتاب های قرآن و ادعیه قاب دار کوچک," 296,000 "
36,کتاب ماجرا فقط این نبود," 40,500 "
37,کتاب من طرف حقیقت می ایستم," 147,260 "
38,کتاب روان شناسی رسانه اجتماعی," 90,000 "
39,کتاب زندگی کم خرج مجموعه دامیز," 70,300 "
40,کتاب اسفار سخن," 72,520 "
41,کتاب کافه پاریس," 179,250 "
42,کتاب رزیتا خاتون," 6,000 "
43,کتاب خنده در تاریکی," 101,250 "
44,کتاب چشم های بسته از خواب," 30,000 "
45,کتاب ادبیات کودکان و نوجوانان," 80,000 "
46,کتاب پنج نمایشنامه تک پرده ای," 75,000 "
47,کتاب جغور بغور," 6,000 "
48,کتاب دریچه ای به سوی کیهان جلد 1," 130,500 "
49,کتاب نخبگان چگونه نخبه می شوند," 84,000 "
50,کتاب نام ناپذیر," 150,000 "
51,کتاب کلمات قصار علی (ع)," 75,000 "
52,کتاب مرگ در بعد از ظهر," 194,250 "
53,کتاب فرهنگ عامیانه مردم ایران," 273,800 "
54,کتاب به آواز باد گوش بسپار," 96,000 "
55,کتاب ما این جا داریم می میریم," 46,500 "
56,کتاب مفتش اعظم," 56,000 "
57,کتاب نخستین کارگزاران استعمار," 122,100 "
58,کتاب نمایشنامه نویسی عروسکی," 55,000 "
59,کتاب توتو چان," 112,000 "
60,کتاب نامه های خط خطی," 67,500 "
61,کتاب حماسه و نافرمانی," 200,000 "
62,کتاب ملاقات بانوی سالخورده," 104,000 "
63,کتاب آماندا," 48,000 "
64,کتاب بیگانه ای در کنار کوچک خان," 160,000 "
65,کتاب پیشگیری از اذیت و آزار دانش آموزان در مدارس," 60,000 "
66,کتاب فیدل کاسترو," 25,600 "
67,کتاب مسئولیت پذیری," 37,500 "
68,کتاب مقدمه ای بر برنامه ریزی آموزشی و درسی," 124,000 "
69,کتاب رئالیسم و ضد رئالیسم در ادبیات," 111,000 "
70,کتاب یوگا برای کاهش وزن," 34,930 "
71,کتاب مردی که عاشقش می شم," 27,930 "
72,کتاب چگونه بر سختی های زندگی غلبه کنیم," 164,925 "
73,کتاب قمارباز," 180,000 "
74,کتاب دلهره هستی," 124,000 "
75,کتاب کلود ولگرد," 130,000 "
76,کتاب زیباشناسی چیست," 236,250 "
77,کتاب هملت," 236,000 "
78,کتاب زمان لرزه," 44,250 "
79,کتاب یادمان همزاد عاشقان جهان," 150,000 "
80,کتاب یک جنگل مداد حرف داشتم اگر," 7,200 "
81,کتاب فرزند نیرومند و متکی به نفس," 37,500 "
82,کتاب شاهزاده و گدا," 35,000 "
83,کتاب کسی به سرهنگ نامه نمی نویسد," 62,400 "
84,کتاب چگونه طرح بازاریابی موفق بنویسیم," 118,400 "
85,کتاب خاطرات," 75,000 "
86,کتاب بیندیشید و ثروتمند شوید," 123,750 "
87,کتاب جان های بیمار ذهن های سرحال," 148,500 "
88,کتاب اول شخص مفرد," 33,300 "
89,کتاب سینما," 26,250 "
90,کتاب گفتمان وفاق," 37,500 "
91,کتاب زنده به گور," 66,600 "
92,کتاب پول خود را مدیریت کنید," 32,400 "
93,کتاب اول اصلاح اقتصادی," 320,000 "
94,کتاب آن فروترین," 75,000 "
95,کتاب یاغی," 82,500 "
96,کتاب چگونه ارزش ها رابه فرزندم آموزش دهم," 42,920 "
,,
,,
,,
